Time,Longitude,Latitude,Speed,LatAcceleration,LongAcceleration,ZAcceleration,YawRate,SteerTorque,SteerRate,SteerAngle,SteerFraction,FLWheelSpeed,FRWheelSpeed,RRWheelSpeed,RLWheelSpeed,LongDelEst,LatDelEst,LongVelEst,LatVelEst
1619660690.534154,-110.85033416748047,32.30881881713867,74.7,9.809587374339952,0.26620133164610854,56.6524238087917,0.25,-18.936529124779984,0.0,1.5,0.0,75.01848117040102,74.8202761508362,74.78820501956484,74.71944769832764,14.416250404169205,0.054640172130817066,20.749587340948004,0.07144322773654227
1619660690.673196,-110.85028839111328,32.30882263183594,74.7,7.884546205823733,0.13459962900546793,180.59962900546796,0.25,-18.11545379417627,0.0,1.5,0.0,75.09220167196864,74.90111933121256,74.92555966560627,74.88444033439373,12.170511159154785,0.05293459887968277,20.750399887513513,0.08403511886833626
1619660690.790558,-110.85025787353516,32.3088264465332,74.69999999999999,8.740686814162435,0.01366751750543272,59.66751750543272,0.25,-17.259313185837563,0.0,1.5000000000000002,-0.30000000000000004,75.11363801332404,75.00212066222531,74.99000000000001,74.85636198667596,9.651717846461679,0.04639217033333476,20.7502804868868,0.09466079076064067
1619660690.883606,-110.85023498535156,32.30883026123047,74.76,7.418835192069393,0.18037692840646652,226.3769284064665,0.25,-18.581164807930605,0.0,1.5,-0.5,75.20257438462069,75.03285311188088,75.07314124475236,75.0,14.33030332760302,0.07444528513085552,20.766611944334016,0.10316954044029752
1619660691.021631,-110.85021209716797,32.30883026123047,74.81,6.999999999999999,0.0999213704384353,145.9213704384353,0.0,-18.30075629462608,-2.0,0.0,0.7000000000000001,75.21553179301127,75.17489378460951,74.94914884475843,74.7631914741264,19.06269183097197,0.0998092545049063,20.78026623056821,0.10883620496974623
1619660691.205068,-110.85016632080078,32.308834075927734,74.93,6.48292759655406,0.18197929153974646,227.97929153974644,-0.12073189913851513,-19.034144806891877,-3.0000000000000004,0.0,0.0,75.42138194020745,75.18552776082977,75.18046064673581,75.01861805979256,9.66876521718325,0.04826393552738012,20.813640718034684,0.10867970073539704
1619660691.298018,-110.85015106201172,32.308834075927734,74.9468946887108,3.2822818519447337,0.16952323960586396,127.10141792838262,-0.25,-18.858859074027635,-3.0,0.0,0.0,75.38030441070137,75.05707254760185,75.14999999999999,75.14707254760184,10.936066744504501,0.049887834954246923,20.818017045067023,0.10062191015389303
1619660691.403169,-110.85012817382812,32.308837890625,74.934203201196,3.0000000000000004,0.02097615344103274,66.97615344103274,-0.25,-17.0,-1.2057570672518394,0.0,0.0,75.47988213961924,74.91976427923842,75.13329404653975,75.18835297673014,10.616187043008836,0.043610405905138594,20.813989013921496,0.09105250036129357
1619660691.505183,-110.85010528564453,32.308837890625,75.04000000000002,3.486170032241643,0.1816310948000572,227.63109480005718,-0.25,-18.972340064483287,-1.0,0.0,0.003206861191386222,75.57475269119821,75.08333919651025,74.95431084218676,75.18856891578135,9.490944968243866,0.034977216733172056,20.84445339293712,0.08190729125745372
1619660691.596328,-110.85008239746094,32.308837890625,75.03999999999999,0.29508982035928144,0.031240534335708427,77.24053433570843,-0.25,-18.059017964071856,-1.0,0.0,0.08797286083858058,75.46090579622017,75.16000000000001,75.24,75.21975603823607,9.689382506949642,0.03183390183337831,20.844301244119027,0.07361689743756031
1619660691.689352,-110.85005187988281,32.308841705322266,75.07892847452428,3.404188801367772,0.1790674405024371,225.06744050243714,-0.25,-18.0,0.0,0.0,0.1,75.4067763002224,75.14080592494439,75.17516445033363,75.2591940750556,10.638722715629797,0.030416314164854186,20.854960157128104,0.06518978850572188
1619660691.791467,-110.85002899169922,32.308841705322266,75.15,3.8093250570776256,0.19347130457012052,67.12888832080317,-0.25,-17.809325057077622,0.0,0.0,0.1,75.44756372844567,75.25718003135172,75.09935873628359,75.30115374412155,11.069121589876318,0.026622528468567844,20.87491897469639,0.05595079906060379
1619660691.897618,-110.85000610351562,32.308841705322266,75.1867893326984,2.892367978183694,0.20078078143021916,246.78078143021915,-0.25,-19.000000000000004,0.0,0.0,0.1,75.53704786510744,75.2942065542562,75.25704786510742,75.37704786510743,11.075189767209395,0.021525214598305836,20.885543681626537,0.04630533505022391
1619660692.003737,-110.84998321533203,32.30884552001953,75.21,5.0,0.029407514687160564,75.40751468716056,-0.25,-18.0,0.0,0.0,0.09999999999999999,75.57284789321645,75.32162217352327,75.24463591991235,75.39731795995615,9.927117870910934,0.014904583302694271,20.89093271327191,0.03664440897607406
1619660692.098792,-110.84996032714844,32.30884552001953,75.26,5.999999999999999,0.1813667132900861,227.36671329008607,-0.25,-17.180863101973724,0.0,0.0,0.1,75.52225957779515,75.53467161845191,75.22403049257233,75.29258014073494,10.96495184025082,0.011710790203192406,20.90553796224561,0.027999305636244302
1619660692.203784,-110.84993743896484,32.30884552001953,75.25999999999999,5.563673489113888,0.027068560154062452,73.06856015406245,-0.25,-18.0,0.0,0.0,0.0913105448111469,75.49430070454206,75.59430070454204,75.30501748863239,75.41569929545796,10.134237565933745,0.00633136175511817,20.905547470990108,0.018422189702453115
1619660692.300809,-110.84990692138672,32.30884552001953,75.30748606650295,4.726115501519757,0.1528907608124978,198.89076081249783,-0.25,-16.54776899696049,0.0,0.0,0.0,75.58604810381475,75.64999999999999,75.4476632732968,75.44000000000001,11.630182819079323,0.0019858306054449104,20.918916399968722,0.009577705860908696
1619660692.412082,-110.84988403320312,32.30884552001953,75.32000000000001,3.3342881455469398,0.13369565217391305,179.69565217391306,-0.25,-17.66571185445306,0.0,0.0,0.0,75.61449441353838,75.6289888270768,75.3998034219999,75.5024437847693,20.3036693434409,-0.010030154337498334,20.92222276948803,-0.0005787293606806423
1619660692.606128,-110.84983825683594,32.30884552001953,75.43,1.0,0.23343555964662704,23.43555964662706,-0.25,-17.54822353631121,0.0,0.0,-0.1,75.77225982585271,75.8166344349834,75.41437460913072,75.5144713041805,9.434625318614167,-0.010532749704603661,20.95276857012503,-0.01831998402870908
1619660692.696254,-110.84980773925781,32.30884552001953,75.46400220973695,1.2212591348769009,0.0896308564535585,135.63085645355852,-0.25,-13.7787408651231,0.0,0.0,-0.1,75.93,75.7678908891529,75.64473453349174,75.49473453349172,10.06520707764787,-0.01530546264600438,20.962211600224624,-0.026571971086091103
1619660692.792264,-110.84978485107422,32.3088493347168,75.54,2.8597386356530983,0.10101281918742892,147.01281918742893,-0.25,-11.280522728693805,0.0,0.0,-0.20000000000000004,76.07311598100895,75.84049278480715,75.77311598100896,75.78000000000002,11.108626749622545,-0.02178695757036106,20.983138792884052,-0.035388466100900136
1619660692.898249,-110.84976196289062,32.3088493347168,75.50121001305193,0.0,0.2147835013523482,167.8969141873617,-0.25,-18.86345097484499,0.0,0.0,-0.2,75.90826497701123,75.63310199693483,75.71379600613034,75.62965299540224,10.905275792959173,-0.026377338095518968,20.972886730991736,-0.045070654331440606
1619660693.002334,-110.8497314453125,32.3088493347168,75.43815940098636,0.34430346755754576,-0.20693634557975238,185.2982314252073,-0.25,-24.622786129769818,0.0,0.0,-0.19999999999999998,76.04453517037993,75.73736055111398,75.65736055111397,75.69962813630394,8.585311458102296,-0.024251784881476973,20.954964416673388,-0.0545482814988358
1619660693.084282,-110.8497085571289,32.3088493347168,75.49269120634958,1.0,-0.11490650285755023,58.09349714244977,-0.25,-21.881211245560173,0.0,0.0,-0.30000000000000004,75.90242626808872,75.64933829052124,75.69867658104252,75.79977943017374,12.16033003301186,-0.04009252833378285,20.97006462630592,-0.06208663913834925
1619660693.200329,-110.84968566894531,32.3088493347168,75.52743373925502,3.0,0.03503746952239806,114.09893866233207,-0.5,-21.381500477099237,0.0,0.0,-0.30000000000000004,76.03055843759536,75.79416234360694,75.71944156240463,75.80527921879766,11.343618268066052,-0.04736415467762364,20.979752088680158,-0.07588266397021332
1619660693.308479,-110.84966278076172,32.3088493347168,75.60000000000001,1.0796805239783718,0.13017974112571093,176.1797411257109,-0.5,-21.359893507992787,0.0,0.0,-0.30000000000000004,76.05755131897774,75.82489736204452,75.72979472408906,75.6586730215334,9.337220485461671,-0.04704814100200605,20.999776156385956,-0.09577426257307926
1619660693.397484,-110.84963989257812,32.30885314941406,75.60000000000001,4.0,0.07273141112136922,118.73141112136922,-0.5,-21.082781846871246,0.0,0.0,-0.3,76.04082841967862,75.69605167214294,75.79401291803575,75.75961808525003,10.705515901707145,-0.06136686123216306,20.999705665975416,-0.11210838787333877
1619660693.499489,-110.849609375,32.30885314941406,75.66,2.487597628001157,0.010212678317935353,56.21267831793535,-0.5,-20.16253254266705,0.0,0.0,-0.3,76.04,75.72641285381931,75.7377394338891,75.82584771229158,10.499792608082544,-0.06697189638124124,21.01650083935075,-0.12547253294582034
1619660693.599529,-110.8495864868164,32.30885314941406,75.65999999999998,4.0,0.0012882786148621047,47.28827861486211,-0.5,-20.182615212581194,0.0,0.0,-0.30000000000000004,76.15976987591124,75.72346900066273,75.82173450033136,75.96653099933728,10.488427439406223,-0.07538585891623267,21.01618075561853,-0.1400579775475379
1619660693.699407,-110.84956359863281,32.30885314941406,75.71000000000001,0.0,0.17685760646245796,222.85760646245794,-0.5,-20.37739534028767,0.0,0.0,-0.30000000000000004,76.23834515306767,75.83,75.813566362971,75.897132725942,11.032996144155732,-0.08805440165847556,21.029963253792683,-0.15847144775250394
1619660693.804426,-110.84954071044922,32.30885314941406,75.71000000000001,-0.5697236402041894,0.14922226387245657,176.39269272669765,-0.25,-19.999999999999996,0.0,0.0,-0.2,76.20061604439961,75.89938395560041,75.8397946518668,75.88938395560041,9.345759291114518,-0.07884688396977846,21.029849009089958,-0.1723872377346648
1619660693.893385,-110.84951782226562,32.30885314941406,75.71000000000001,1.8737042497127003,0.026240419572084155,72.24041957208415,-0.25,-20.0,0.0,0.0,-0.19999999999999998,76.18712381620483,75.82389968432129,75.88322413188354,75.90762539459838,11.045522788408789,-0.09784653890017914,21.02982835697757,-0.1805487116120955
1619660693.998572,-110.84949493408203,32.30885314941406,75.65999999999998,2.1387243898944552,0.004325779688730092,50.325779688730094,-0.25,-19.999999999999996,0.0,0.0,-0.19999999999999998,76.13968701469358,75.81787480587742,75.7536244176323,75.99818779118387,11.985975291828936,-0.11267425214067095,21.015701014350526,-0.190071618473036
1619660694.112694,-110.84947204589844,32.30885314941406,75.71000000000001,1.8621978153166598,0.0,46.00000000000001,-0.5,-19.27560436936668,0.0,0.0,-0.2,76.14800462950923,75.87067283934563,75.85334104918203,75.98199537049078,20.612979509601928,-0.22028640255769483,21.02940740703901,-0.204973982582048
1619660694.308866,-110.84941864013672,32.30885314941406,75.77000000000001,0.3535875511799083,0.0,45.99999999999999,-0.33839688779497706,-20.353587551179906,0.0,0.0,-0.1,76.18787544266698,75.88456050799853,75.71300354133592,75.99181316400049,8.422835822319485,-0.09824987330396429,21.045860107199967,-0.24062900199767676
1619660694.388995,-110.84939575195312,32.30885314941406,75.77,2.0158962950073946,0.08365721487082546,129.65721487082547,-0.25,-19.6613679016642,0.0,0.0,-0.1,76.03186532902568,76.13649379357253,75.9741795612991,75.9658204387009,11.042233709706807,-0.13327199949221624,21.0462802861078,-0.2482501006493581
1619660694.494032,-110.84937286376953,32.30885314941406,75.79639266480164,3.919096245868482,0.15673398067823346,202.73398067823345,-0.25,-19.838192491736965,0.0,0.0,0.1,76.07807788888391,76.1619221111161,75.92999999999999,75.96384422223218,12.118229693606054,-0.15205832879316916,21.05283706807405,-0.25797790126082076
1619660694.609201,-110.84934997558594,32.30885314941406,75.84036278392824,3.0000000000000004,0.03844700094831674,84.44700094831674,-0.25,-19.689537163567227,0.0,0.0,0.23944429894526326,76.24130036847735,76.05500915250208,75.94282966837038,76.01586996315227,20.424119760697977,-0.2700780898976025,21.064825157621264,-0.26871174850112894
1619660694.80321,-110.84930419921875,32.30885314941406,75.83,5.240209449585971,0.00012482110118871605,46.12482110118872,-0.25,-18.759790550414028,0.0,0.0,0.30000000000000004,76.14564509037615,76.26532217879824,75.97709672691744,76.0269352711285,10.738979203454164,-0.14893630591149942,21.062257633559476,-0.28651168745893757
1619660694.905249,-110.84928131103516,32.30885314941406,75.83,4.530960489652052,0.0,46.0,-0.25,-19.0,0.0,0.0,0.30000000000000004,76.17828782651551,76.22914391325777,76.03928659438148,76.01057072449483,9.583583776656951,-0.1369739651670665,21.06177763305178,-0.2958842595960277
1619660694.996313,-110.84925842285156,32.30885314941406,75.88,5.025394727525902,0.0,46.00000000000001,-0.25,-18.050789455051806,0.0,0.0,0.39999999999999997,76.21293490776354,76.19173963105416,76.15532546118229,75.8238580073005,12.207707156609331,-0.17996770298593878,21.075738869167147,-0.3044563531604348
1619660695.112262,-110.84923553466797,32.30885314941406,75.88,2.3222094361334866,0.10201961553550414,148.01961553550413,-0.25,-18.677790563866512,0.0,0.0,0.5,76.16851224366985,76.28289265379807,75.95280979493587,76.047148775633,21.836025638052206,-0.32949740833891417,21.075526126880195,-0.31512181288129476
1619660695.319531,-110.84918975830078,32.30885314941406,75.97559858049874,5.789540034874405,0.18283408049838148,228.83408049838147,0.0,-18.420919930251188,0.0,0.0,0.6000000000000001,76.2528238206312,76.24,76.04211786547341,76.00576426905317,20.02936356355758,-0.3086833387471981,21.101564360871894,-0.31852203626624376
1619660695.509565,-110.8491439819336,32.30885314941406,75.97827915619453,2.3809387554222794,0.005552928431811224,51.55292843181123,0.0,-19.30953062228886,0.0,1.4999999999999998,-0.7000000000000001,76.34123525064956,76.20814712402564,76.23814712402564,76.00592643798717,10.557855887357391,-0.16487317266961776,21.10286163749233,-0.3296492837534109
1619660695.609723,-110.84912109375,32.30885314941406,75.99,7.312935256869919,0.01302974686561472,59.029746865614726,0.17970563570291326,-18.84353237156504,0.0,1.5,-0.6000000000000001,76.36499688660317,76.16999377320633,76.25000207559788,76.07998754641267,10.753166211686903,-0.1670640975673212,21.106509944221962,-0.32913939715834645
1619660695.711706,-110.8490982055664,32.3088493347168,76.0097448034575,6.1705592894863175,0.07271033343416246,118.71033343416246,0.0,-18.341118578972637,0.0,1.5,-0.6662865467698182,76.36305504248246,76.22652752124122,76.08652752124124,76.15644403398598,9.392722641647197,-0.14591191521559743,21.110612553602454,-0.3279442984998455
1619660695.800735,-110.84906768798828,32.3088493347168,76.05,5.720163331582215,0.013167630474770669,59.16763047477066,0.0,-19.720163331582214,0.0,1.5000000000000002,-0.6430651937874712,76.49000000000001,76.23923248156565,76.22769373463804,76.26,10.97684321533302,-0.1705205482753187,21.122409040693377,-0.32812755905921376
1619660695.904747,-110.84904479980469,32.3088493347168,76.10916960829663,5.467394289671973,0.06610682328681372,112.10682328681371,0.0,-20.53260571032803,0.0,1.4999999999999998,-0.6000000000000001,76.51924813428498,76.29890637714178,76.25965824285682,76.20006835142864,10.793793230246592,-0.16767694531876565,21.136626411738153,-0.32834841982453034
1619660696.007005,-110.8490219116211,32.3088493347168,76.05531246579841,6.000000000000001,0.052715188623345836,98.71518862334582,0.0,-20.83537924331329,0.0,1.4999999999999998,-0.7,76.5674338617816,76.21795162602629,76.24615646342366,76.30359032520525,10.993483837395615,-0.17077905319700237,21.123439191786726,-0.3281435620223224
1619660696.111142,-110.8489990234375,32.3088493347168,76.0928309512795,4.0,0.007473255663886054,53.47325566388606,0.0,-20.426245300751884,0.0,1.5000000000000002,-0.6564399942371416,76.5227213818068,76.25492749089447,76.2610305454383,76.25948472728085,9.607450445304494,-0.14924761931291108,21.135592495491935,-0.32833235837939073
1619660696.202163,-110.8489761352539,32.3088493347168,76.11,4.0,0.0011822772861356933,47.182277286135694,0.0,-21.308677919609234,0.0,1.5,-0.7,76.53561006416412,76.20304905774769,76.28280503208207,76.29256100641642,12.252575861745754,-0.1903385074143329,21.139172875669825,-0.3283879780488158
1619660696.318188,-110.84895324707031,32.3088493347168,76.11,5.305292770068964,0.0,46.0,0.0,-20.694707229931034,0.0,1.4999999999999998,-0.7,76.5263664980064,76.31909949401916,76.27909949401918,76.23453400797445,21.66988720188442,-0.33663239733296724,21.139165693020004,-0.32838786646943346
1619660696.52335,-110.84890747070312,32.3088493347168,76.11,7.582187514971495,0.1271519932106444,173.1519932106444,0.0,-20.16437502994299,0.0,1.5,-0.7000000000000002,76.54426852020386,76.23898457408082,76.29191049326538,76.31617901346924,19.473003451064415,-0.3025047511292458,21.13890507126097,-0.32838381782226134
1619660696.707733,-110.84886169433594,32.3088493347168,76.16,4.642690225814913,0.0038985094256904864,49.898509425690484,0.0,-20.642690225814913,0.0,1.5,-0.7000000000000001,76.60982362945877,76.26905291116238,76.32301763705412,76.32905291116238,10.2540712788566,-0.15929259644344285,21.153893418188897,-0.3286166553590419
1619660696.804783,-110.84883880615234,32.3088493347168,76.16000000000001,4.494361014183806,0.061727018176640884,107.7270181766409,0.0,-21.000000000000004,0.0,1.5,-0.7000000000000001,76.68936976744186,76.29012604651165,76.17163860465116,76.38987395348836,12.048385488470785,-0.18716649760054516,21.1530190094643,-0.32860307179478676
1619660696.918773,-110.84881591796875,32.3088493347168,76.22,5.0,0.04263746924755141,88.63746924755141,0.0,-20.999999999999996,0.0,0.0,0.6000000000000001,76.67520302520235,76.35760151260118,76.34253383753374,76.39119924369943,19.488648604150512,-0.3027477918678114,21.170185395958683,-0.3288697442414552
1619660697.103053,-110.84876251220703,32.3088493347168,76.22,6.0,0.05721779367169661,103.21779367169661,0.0,-20.344894997541346,0.0,0.0,0.6000000000000001,76.6798676565526,76.38561876148384,76.30084049262551,76.3769027163927,9.651985213649596,-0.14993944782496715,21.17147649525944,-0.3288898009150694
1619660697.194252,-110.84873962402344,32.3088493347168,76.27999999999999,6.193489073807784,0.0701207898448519,116.1207898448519,0.0,-19.806510926192217,0.0,0.0,0.5,76.53837700565624,76.65756550848437,76.37513101696872,76.35431951979683,11.317360955046524,-0.17581034832836906,21.186332667545773,-0.3291205851672932
1619660697.301182,-110.84871673583984,32.3088493347168,76.28,6.74984733647042,0.008858540137127602,54.858540137127605,0.0,-19.250152663529583,0.0,0.0,0.39999999999999997,76.58744829749752,76.59802504886702,76.4216050097734,76.44226332681772,11.223438672504244,-0.17434777080492658,21.186332668645214,-0.3291206251705741
1619660697.407225,-110.84869384765625,32.3088493347168,76.28000000000002,6.452590432618587,0.007250056749620675,53.250056749620676,0.0,-19.094819134762826,0.0,0.0,0.3,76.63837474512779,76.61711057897483,76.42194129641045,76.42999999999998,10.801486631911757,-0.16981162705979713,21.186294832236705,-0.32907293104196655
1619660697.50925,-110.84867095947266,32.3088493347168,76.34249617902019,5.033452621751983,0.1597200564307548,156.03691511873973,-0.25,-19.31103158549868,0.0,0.0,0.3,76.73868464462454,76.67820483396687,76.4445929857276,76.45442587678404,10.81147970330585,-0.1747663161679469,21.202643272736154,-0.33707809554613516
1619660697.61125,-110.84864807128906,32.3088493347168,76.40574068511421,4.448636127263272,0.23283869346733668,22.838693467336682,-0.25,-19.55136387273673,0.0,0.0,0.30000000000000004,76.75924621212121,76.73214512310608,76.41657978219698,76.46101444128789,9.877150706150132,-0.16387267527922145,21.220395703127693,-0.34680639082262843
1619660697.704391,-110.84862518310547,32.3088493347168,76.43785336737263,4.754651724950104,0.04594451835604617,91.94451835604616,-0.25,-19.4151160916833,0.0,0.0,0.39999999999999997,76.72021116928448,76.77831064572428,76.57147818499128,76.56746596858639,10.820893667706741,-0.1822027208596868,21.228440992170015,-0.3556050448252539
1619660697.806419,-110.84860229492188,32.3088493347168,76.44,1.4706540690825125,0.07744416086251311,123.44416086251312,0.0,-18.529345930917483,0.0,0.0,0.39999999999999997,76.79585556741372,76.83414443258627,76.57552591011503,76.60000000000001,10.848073850991796,-0.1827101429349467,21.22971867908519,-0.3575641236767707
1619660697.908672,-110.84857940673828,32.3088493347168,76.43173969609936,2.0,0.05238659981547128,98.38659981547129,0.0,-19.0,0.0,0.0,0.4,76.70173984071882,76.81739296167723,76.67826015928121,76.55782656047921,9.96970861158161,-0.16791615347805422,21.227987224107853,-0.35753522038108726
1619660698.002685,-110.84855651855469,32.3088493347168,76.44,6.6778581547835465,0.008590298795237039,54.59029879523704,0.0,-18.0,0.0,0.0,0.4,76.7798360462651,76.76639348896376,76.73573767402418,76.4998360462651,11.381744461015842,-0.19169827508626724,21.230327392699515,-0.35757463702653286
1619660698.109937,-110.8485336303711,32.3088493347168,76.48622725013608,3.6063410744061284,0.0007829998075812968,46.7829998075813,0.0,-19.696829462796938,0.0,0.0,0.4000000000000001,76.7997489539749,76.77569037656905,76.61949790794979,76.53012552301256,10.614817818768643,-0.17946528859963173,21.243963159933692,-0.3578006497852309
1619660698.210007,-110.8485107421875,32.3088493347168,76.44,2.0,0.0,46.0,-0.25,-18.301021466946434,0.0,0.0,0.4,76.78986733931241,76.72518240844545,76.69000000000001,76.5899668348281,9.758809080919491,-0.16762458357639076,21.230683216293233,-0.36168364643504214
1619660698.302008,-110.8484878540039,32.3088493347168,76.49106593609554,2.308927918038785,0.0,46.0,0.0,-18.691072081961213,0.0,0.0,0.4,76.84460382286598,76.72571720289685,76.75920764573192,76.63967897423721,10.404231177860083,-0.17887780164473366,21.242491166918494,-0.3652177918718222
1619660698.40003,-110.84846496582031,32.3088493347168,76.5,3.63515903115475,0.0,45.99999999999999,0.0,-18.788280322948417,0.0,0.0,0.4,76.85506501907078,76.72493498092922,76.71480494278768,76.61480494278769,9.128137449231417,-0.1569381844211497,21.24696128920625,-0.3652946256730761
1619660698.486014,-110.84843444824219,32.3088493347168,76.5,7.491133167704903,0.0,46.0,0.0,-19.005911221530067,0.0,0.0,0.39999999999999997,76.90564478058934,76.57508108931246,76.68854826019646,76.63290347960712,11.480336019134938,-0.19737903443918992,21.24872135243755,-0.36532487126455265
1619660698.594213,-110.8484115600586,32.30885314941406,76.47324434452719,6.071654460719041,0.0,46.00000000000001,0.0,-20.071654460719042,0.0,0.0,0.4,76.94376515837105,76.63584343891404,76.66376515837105,76.84792171945702,10.818123326651857,-0.18750485450052956,21.240443732678443,-0.3651822106834771
1619660698.696136,-110.848388671875,32.30885314941406,76.56,5.044893352106776,0.17574593145701703,221.74593145701704,-0.25,-19.955106647893224,0.0,0.0,0.4,77.00439379243454,76.7856062075655,76.63840931134821,76.64878758486907,10.84123683892517,-0.19258590723299918,21.264466539861836,-0.3721098261005915
1619660698.798185,-110.8483657836914,32.30885314941406,76.56,8.0,0.02928112657340076,75.28112657340075,-0.21944685691918142,-19.877787427676726,0.0,0.0,0.6,76.93341031952892,76.66993701129452,76.68669466164688,76.66000000000001,9.977117376786737,-0.17935084769083787,21.261178865546523,-0.3813337017366751
1619660698.892178,-110.84834289550781,32.30885314941406,76.5,9.18093464680442,0.005333096372123883,51.333096372123876,0.0,-21.0,0.0,0.0,0.6000000000000001,76.93137847856997,76.64403869591712,76.75798065204144,76.77128173877716,11.486019326104724,-0.2074773102320684,21.246526235891807,-0.38194110478452914
1619660699.000342,-110.84832000732422,32.30885314941406,76.5983649035025,7.778897444085679,0.0,46.00000000000001,-0.25,-20.77889744408568,0.0,0.0,0.6000000000000001,77.1789734261691,76.73718601681644,76.75897342616909,76.7089734261691,10.637186415178576,-0.1965263766093699,21.272016292723205,-0.38748338258944454
1619660699.100358,-110.84829711914062,32.30885314941406,76.66999999999999,4.5072019613852286,0.26809337929394983,59.09337929394983,-0.1884002451731535,-20.75360098069261,0.0,0.7914421211467989,-0.03867931307034561,77.11165768484588,76.80638140403823,76.74889487676943,76.82306603434648,10.638815139915778,-0.19867145541955544,21.293568071074716,-0.3969252562176116
1619660699.200371,-110.84827423095703,32.30885314941406,76.67,4.0,0.04033303580283646,86.33303580283646,0.0,-20.760613303795253,0.0,1.5000000000000002,-0.6000000000000001,77.10518796435713,76.78370300891072,76.83,76.87172932145238,10.637508331562003,-0.1986508569906924,21.29350290056061,-0.3976469383571235
1619660699.300383,-110.84825134277344,32.30885314941406,76.62512772455919,6.75335622481341,0.006522665191383424,52.52266519138343,0.0,-20.246643775186588,0.0,1.5000000000000002,-0.6000000000000001,77.10922672725982,76.82115553030842,76.83,76.92,9.678060620149381,-0.18073363823487298,21.28267322159675,-0.3974446981355909
1619660699.3914,-110.84822845458984,32.30885314941406,76.67,11.351405201342283,0.09614992718532815,142.14992718532818,0.0,-20.783801733780763,0.0,1.5000000000000002,-0.6000000000000002,77.10978646329838,76.79347569113442,76.93352907530983,76.91668446139181,11.18595328778747,-0.2092942271500302,21.293509901441617,-0.39764770721877046
1619660699.496549,-110.84820556640625,32.30885314941406,76.70371270995237,10.954564436649127,0.04459103166837696,90.59103166837697,-0.25,-20.04543556335087,0.0,1.4999999999999998,-0.6000000000000001,77.16433987338714,76.85452810129028,76.8424522785483,76.86226405064515,10.66031338327025,-0.20330130597875495,21.30159739458408,-0.4006541171017699
1619660699.596679,-110.84818267822266,32.30885314941406,76.75767119261742,9.865571143243276,0.13025717400478265,176.25717400478268,-0.25,-21.0,0.0,1.5,-0.6,77.27740691043275,76.92359802559065,76.80079407677194,76.82000000000001,10.688420633506212,-0.20851359533353886,21.316689261893803,-0.41025438641720946
1619660699.696946,-110.84815979003906,32.30885314941406,76.92487514835587,6.999999999999999,0.22126791892080153,11.267918920801506,-0.25,-14.081978950383045,0.0,1.5,-0.6000000000000001,77.34866214057509,77.00412415135783,76.91937924321087,77.03804138378595,9.709688463732391,-0.19221936356604452,21.3632692204073,-0.4205063698780065
1619660699.787924,-110.84813690185547,32.30885314941406,76.95,5.999999999999999,0.2206364326561601,10.733612529542143,0.0,-12.638133080298898,0.0,1.5000000000000002,-0.6000000000000002,77.40909874104572,77.0612703776863,76.9412703776863,77.03909874104572,13.608928069908416,-0.26954718310632053,21.3703794310067,-0.4232759924967802
1619660699.915365,-110.84811401367188,32.30885314941406,76.97873165593354,8.99283196102086,0.24423766014256673,34.23766014256669,0.0,-20.974911863573013,0.0,1.4999999999999998,-0.6000000000000002,77.237817314931,76.97426398996237,77.25857867001255,77.22094755332498,19.518625173507644,-0.3865984576580299,21.379249046438975,-0.4234511725812267
1619660700.09839,-110.84806060791016,32.30885314941406,76.87231212436706,7.138945539237573,-0.3030555158223025,124.94448417769753,0.0,-17.86105446076243,0.0,1.5,-0.7000000000000001,77.3214876930502,76.97370246138998,76.92480984555985,77.09221476833977,10.670242322141803,-0.21134168989630098,21.348540393806147,-0.4228429367469722
1619660700.198402,-110.84803771972656,32.30885314941406,76.92894064864092,6.0,0.06824910552428204,160.11105810514263,0.0,-17.0,0.0,1.4999999999999998,-0.7000000000000001,77.45920565466174,77.07600471221811,76.98300235610905,77.0071962302255,10.670811775971288,-0.2113528425431337,21.364360737968536,-0.4231562874208389
1619660700.298408,-110.84801483154297,32.30885314941406,76.89,4.852594853903184,0.0346682596186668,80.66825961866678,0.0,-21.85259485390318,0.0,1.5,-0.7000000000000001,77.43,77.12455438596491,76.91403107769425,76.98052330827069,10.670342071876348,-0.21055692428683948,21.35539806696409,-0.4229770077011419
1619660700.398425,-110.84799194335938,32.30885314941406,76.85656801497399,3.6723182729964656,0.005745214605429038,51.74521460542904,0.0,-24.0,0.0,1.5,-0.7000000000000001,77.33203468979318,77.06553368912607,76.98429286190795,77.03367244829887,10.67630404739748,-0.20962721803729956,21.347403323553007,-0.4191958153766678
1619660700.498555,-110.84796905517578,32.30885314941406,76.80112565069966,7.326825846094297,0.0003552284471855162,46.35522844718551,0.0,-24.163412923047147,0.0,0.0,0.6000000000000001,77.28899210758483,77.08946636781992,77.01745058298958,76.98966403586162,10.676522011149018,-0.20963230272581868,21.332113453462913,-0.41885363667897285
1619660700.598709,-110.84794616699219,32.30885314941406,76.84,6.810539478385138,0.0,46.00000000000001,0.0,-23.378921043229724,0.0,0.0,0.6000000000000001,77.2276684839346,77.07310868808722,76.8984663032131,77.00693260642618,10.019736834227615,-0.19673640010272742,21.340233610632673,-0.41901307448852065
1619660700.692732,-110.8479232788086,32.30885314941406,76.78,5.401926287093636,-0.10462991903928183,68.3700809607182,0.0,-22.866024570968786,0.0,0.0,0.6000000000000001,77.18524516113933,77.11237741943033,76.83664193601237,76.78237741943035,11.615572424528409,-0.2280705230366813,21.323657952968844,-0.41868761419807304
1619660700.801768,-110.847900390625,32.30885314941406,76.73804584547929,3.6621019951385043,-0.12732155028082218,92.03488606813352,0.0,-23.993152992707756,0.0,0.0,0.6000000000000001,77.15423880597015,77.10191044776121,76.88058208955225,76.63326865671642,10.861343760030877,-0.2127279910891815,21.313380412935288,-0.41848676467124896
1619660700.903796,-110.8478775024414,32.30885314941406,76.67495034487739,7.173185303437098,-0.2540189505074311,174.0745033908903,0.14664816292963742,-23.240222044844348,0.0,0.0,0.6000000000000001,76.99082913340173,77.14777217786899,76.87834173319656,76.79235761116811,9.706330470547982,-0.1888806591909553,21.29646038820929,-0.4149442876212546
1619660700.995019,-110.84785461425781,32.30885696411133,76.64124660421261,8.075251103942161,-0.10163689476374789,71.3631052362521,0.0,-22.07525110394216,0.0,0.0,0.6000000000000001,76.88101797704138,77.03030539311243,76.81979640459174,76.66040719081656,10.96434917929355,-0.21380437653422035,21.285008840631637,-0.4141937287037671
1619660701.098181,-110.84783172607422,32.30885696411133,76.56,9.697122861586314,-0.229606348431205,199.393651568795,-0.25,-21.100959046137895,0.0,0.0,0.6000000000000001,76.80895483497393,76.86973870874347,76.76832151129126,76.62947741748697,10.407562231587235,-0.20668884507360552,21.262080606368915,-0.4167740221525321
1619660701.196187,-110.84780883789062,32.30885696411133,76.5,6.010111065799891,-0.09842464699873821,74.57535300126179,-0.25,-21.00337035526663,0.0,0.0,0.6000000000000001,76.77670757130673,76.83558964275562,76.6599386430399,76.58670757130673,9.658479026723171,-0.19462148881527774,21.244139469063914,-0.425522703349361
1619660701.287172,-110.84778594970703,32.30885696411133,76.5,3.891497005988024,-0.01558146434500053,157.41853565499946,0.0,-23.228742514970058,0.0,0.0,0.6000000000000001,76.85144303230783,76.67585569676922,76.63804810107693,76.62609620215387,11.270944480502749,-0.22584509486905624,21.245577945256926,-0.42834532115897245
1619660701.39345,-110.84776306152344,32.30885696411133,76.39,5.593267493676985,-0.30650911864972463,121.49088135027534,0.25,-22.27115500421535,0.0,0.0,0.6000000000000001,76.50698903175264,76.52443868381032,76.51,75.99627517397116,10.808439845167868,-0.21266478438456105,21.216333796361184,-0.4215051924333325
1619660701.495494,-110.84774017333984,32.30885696411133,76.30493271406455,8.943269408645248,-0.2602119802407558,168.28598148769845,0.0,-23.0,0.0,0.0,0.6,76.6689956248811,76.46301312535667,76.58050218755945,76.45,11.006351500464234,-0.21612011554678112,21.190692059597662,-0.41610331476950624
1619660701.599491,-110.84771728515625,32.30885696411133,76.23710017835909,6.847555512506961,-0.2548196485799536,173.47154381699636,0.0,-23.542666537520883,0.0,0.0,0.6,76.53194476494416,76.44354142629189,76.40513808763963,76.35618239842887,10.785599984091732,-0.2117855417043124,21.173764159966606,-0.41576704745171356
1619660701.701497,-110.84769439697266,32.30885696411133,76.17061868446139,8.999999999999998,-0.08998046721633295,83.01953278366706,0.0,-21.72049845949444,0.0,0.0,0.6000000000000001,76.42292558563442,76.37097519521147,76.40829199201913,76.23926718723058,10.04718066016585,-0.19729530116960525,21.157078721356566,-0.4154394180632193
1619660701.796597,-110.84766387939453,32.30885696411133,76.16,10.019302962048002,-0.16119982105577094,130.74101264080386,-0.004825740512000775,-22.980697037951995,0.0,0.0,0.6000000000000001,76.40659885338302,76.31149713345751,76.30979656014901,76.229796560149,10.759008255776507,-0.21369114079334395,21.15136847983722,-0.41542800755331544
1619660701.898554,-110.84764099121094,32.30885696411133,76.05000000000001,7.243288709868498,-0.2947665161320359,133.23348386796405,-0.25,-23.0,0.0,0.0,0.6000000000000001,76.31212475078327,76.21787524921675,76.22843729231937,76.2252501661445,9.589812830200799,-0.19381750649322882,21.12011282186825,-0.4232395368765906
1619660701.989522,-110.84761810302734,32.30885696411133,75.99,6.0,-0.15987139132608721,60.129549161299536,0.0,-24.306588311022637,0.0,0.0,0.6000000000000002,76.34735629352622,76.07816915601137,76.11447455046242,76.15894910092483,11.268543385712974,-0.22814291156153388,21.10451534488798,-0.4272811231134539
1619660702.096529,-110.84759521484375,32.30885696411133,75.85235864316903,4.04915135198408,-0.32312272797887215,104.87727202112788,0.0,-23.85254594404776,0.0,0.0,0.6000000000000001,76.17046605702518,75.99357522861557,75.96715045723111,76.01000000000002,10.951066585557328,-0.2217152340800208,21.066750142539227,-0.42651730791293385
1619660702.200708,-110.84757232666016,32.30885696411133,75.71000000000001,6.5041844495839385,-0.15538560707871985,82.11751483653057,0.0,-23.504184449583935,0.0,0.0,0.6000000000000001,76.23415541319076,75.92857169193898,75.87740240586255,75.95532469926717,10.298812475580235,-0.20850970094309318,21.026764963213406,-0.42570776821857104
1619660702.298731,-110.84754943847656,32.30885696411133,75.75062559778951,3.123151782985825,-0.1993343437225115,229.66565627748852,0.0,-22.753696434028353,0.0,0.0,0.4,76.16502282670726,75.86147945596349,75.78452967471944,75.5720639147803,9.764806236768209,-0.19769821355827943,21.035967189844865,-0.42589407644849553
1619660702.391703,-110.84752655029297,32.30885696411133,75.66,2.0,-0.29414829276397775,133.85170723602226,0.0,-22.999999999999996,0.0,0.0,0.2,75.99316731463801,75.69009961121718,75.79316731463801,75.68009961121719,10.925996311575773,-0.22120766149378035,21.01356176358518,-0.42544045630898547
1619660702.495931,-110.84750366210938,32.30885696411133,75.54,6.992006404294644,-0.16989080948332863,130.69812033626147,0.0,-22.999999999999996,0.0,0.0,0.20000000000000004,75.89116379720346,75.6306896223723,75.73,75.7930172167792,9.319010474048127,-0.18871260971447867,20.980930142313078,-0.4247797971944847
1619660702.584903,-110.84748077392578,32.30885696411133,75.49000000000001,7.443325655118937,-0.1487607438214064,26.907070127635166,-0.11083141377973407,-23.443325655118937,0.0,0.0,0.0,75.89945956955665,75.56054043044333,75.4412610043678,75.5601801434811,11.871597111279243,-0.2437431992265715,20.965150455354625,-0.4248701113789757
1619660702.698318,-110.84745788574219,32.30885696411133,75.38,8.875150863356636,-0.2968395413473503,131.1604586526497,-0.25,-23.875150863356637,0.0,0.0,-0.10000000000000002,75.75999999999999,75.47644527618185,75.44265668581781,75.5128905523637,10.147154651127721,-0.21299443035821142,20.933626978614978,-0.4340774936474777
1619660702.795418,-110.8474349975586,32.30885696411133,75.29031801385683,5.0,-0.22561175766999583,202.90993361641048,-0.25,-23.976082058579394,0.0,0.0,0.0,75.66767800354431,75.28371519432916,75.2455727914937,75.45232199645572,10.44104164907003,-0.22366467081491948,20.907203246001107,-0.44239147430591963
1619660702.895458,-110.847412109375,32.308860778808594,75.18021340851983,1.0032843642917275,-0.2777243989000399,150.78186476132277,-0.25,-24.993431271416547,0.0,0.0,0.0,75.72779427283193,75.24077849194167,75.19103798925558,75.36103798925556,10.947480552946672,-0.23778610372719555,20.876708660187077,-0.4508597186708435
1619660703.000446,-110.8473892211914,32.308860778808594,75.09,3.255418065697716,-0.20411288795246327,158.8735233540873,0.0,-23.744581934302285,0.0,0.0,0.0,75.55601996548026,75.22933666091338,75.12068829593693,75.20599500862996,10.624396220827293,-0.23086883303372474,20.853586052665662,-0.4531501128585756
1619660703.102467,-110.84736633300781,32.308860778808594,74.98797147252799,3.6538552451188955,-0.3311424522113943,96.8575477886057,0.0,-24.32692762255945,0.0,0.0,0.0,75.41475328947368,75.04212993421052,75.02704769736845,75.00737664473687,9.48925528414702,-0.20620215246874096,20.827727220790024,-0.45258790609790567
1619660703.193759,-110.84734344482422,32.308860778808594,74.87,4.108041629442272,-0.23268217278243283,195.69643889049405,0.0,-21.891958370557727,0.0,0.0,0.0,75.29724194089188,75.14530967092975,75.10637902955406,75.07234516453514,10.901674684879936,-0.23689412059226456,20.79039603213096,-0.45177669731731257
1619660703.29874,-110.84732055664062,32.308860778808594,74.81,3.4819638916024465,-0.2465105386416862,181.84761904761905,0.0,-23.481963891602447,0.0,0.0,0.0,75.27027655883253,75.20690580671499,74.94718236554752,74.83077354832128,9.558580535681813,-0.20770846872965976,20.774711202088326,-0.4514358649742879
1619660703.39079,-110.84729766845703,32.308860778808594,74.80999999999999,5.505238487510007,-0.28477941408382357,143.2205859161764,0.0,-21.747380756244997,0.0,0.0,0.0,75.02587218426883,75.19459402695716,74.90715034158049,74.73412781573117,10.47263163468051,-0.22828595473951907,20.775893780363845,-0.4514600691755065
1619660703.491752,-110.84727478027344,32.308860778808594,74.68094829617759,6.4104125690182245,-0.30516090870528345,122.83909129471648,-0.25,-22.0,0.0,0.0,0.0,74.91000000000001,74.95086671043991,75.00043335521995,74.65978332239001,10.14795578658618,-0.22516591942753905,20.73878512550646,-0.45480387605252237
1619660703.589796,-110.84725189208984,32.308860778808594,74.54166375174896,4.600620784615743,-0.3641532155898353,63.846784410164695,-0.25,-20.30031039230787,0.0,0.0,0.0,74.87551193917459,74.77918089732067,74.80040955133967,74.72571671484442,11.595939593812318,-0.26261320365479435,20.705131181433217,-0.46292698047943237
1619660703.701946,-110.84722900390625,32.308860778808594,74.48801083174924,4.0,-0.2243118900474839,204.68810995251616,-0.25,-20.32863332774759,0.0,0.0,0.0,74.78929547510207,74.70760603319727,74.66000000000001,74.5578864253062,11.256556728655141,-0.2600521208051205,20.687797294383305,-0.4726679173856133
1619660703.810946,-110.84720611572266,32.308860778808594,74.36,4.766807048521218,-0.3106748287282249,117.32517127177513,0.0,-22.533614097042438,0.0,0.0,0.0,74.65574870788669,74.60449224732007,74.50574870788668,74.43401033690658,9.179702088040358,-0.2130855999396637,20.65032371722673,-0.4793509765223317
1619660703.899965,-110.84718322753906,32.308860778808594,74.2679814786122,4.222391434227945,-0.20343469031558092,146.95631869427805,0.0,-20.0,0.0,0.0,0.0,74.59484146401135,74.46063414395461,74.45000000000002,74.5109512159319,9.385702712320835,-0.2191559530980136,20.62511552349609,-0.4787629282690922
1619660703.991103,-110.84716033935547,32.308860778808594,74.19000000000001,4.0,-0.35879224897099643,69.20775102900353,-0.25,-22.445479458499463,0.0,0.0,0.0,74.59027184118752,74.36891263524994,74.298108736475,74.39161942233747,11.853347746449344,-0.28143098317305615,20.60421275491573,-0.48415436166838516
1619660704.106363,-110.84713745117188,32.308860778808594,74.07445212627185,5.5304010966088555,-0.2673259591051125,160.67404089488755,0.0,-20.408796710173426,0.0,0.0,0.0,74.30397630568997,74.198795261138,74.25277156682797,74.24795261137994,9.953119492059614,-0.23710346168427066,20.566548874364152,-0.489938182027863
1619660704.203367,-110.84712219238281,32.308860778808594,73.91521407708198,7.39856801909308,-0.3711370557117903,56.86294428820972,0.0,-21.202863961813843,0.0,0.0,0.0,74.19022987446735,74.08965518829896,74.18494253138316,74.19168582287227,10.254336877113474,-0.2460341948601794,20.52691973841124,-0.4889928730964672
1619660704.30343,-110.84709930419922,32.308860778808594,73.90492338638111,7.390721147999514,-0.15701936451334852,15.980635486651472,-0.25,-23.218557704000975,0.0,0.0,0.0,74.30034816025037,73.98517408012518,73.91414570725085,73.89207285362544,9.525262351060519,-0.23248699867220424,20.52134140022953,-0.4958474610865731
1619660704.396403,-110.84707641601562,32.308860778808594,73.8,6.886981435878008,-0.3506075764045629,77.39242359543708,-0.25,-25.943490717939003,0.0,0.0,0.0,74.18524008975318,73.79643006731487,73.74,73.79356993268512,10.424447651379978,-0.25876098200490816,20.492622524606485,-0.5034716140911881
1619660704.498433,-110.84705352783203,32.308860778808594,73.58000000000001,5.665755517624169,-0.3832566147371442,44.743385262855845,0.0,-29.000000000000004,0.0,0.0,0.0,73.7726449708301,73.56952344134393,73.68296267660084,73.76391579391299,10.194988144205126,-0.2548449987914978,20.431380355555778,-0.5098768404843407
1619660704.598471,-110.84703063964844,32.308860778808594,73.41,5.0,-0.29736905163685456,130.63094836314548,-0.25,-34.661543566104584,0.0,0.0,0.0,73.80621831350234,73.38663217796172,73.37326435592342,73.4468391101914,10.372797278985672,-0.26312148476544905,20.383941891324564,-0.5116333702322526
1619660704.700459,-110.84700775146484,32.308860778808594,73.24,4.466676116899379,-0.4205993699642576,197.97616768643604,-0.25,-42.73333805844968,0.0,0.0,0.05155650428197505,73.48894489360171,73.20669721469183,72.96779814312788,73.19784396516565,9.427561272367257,-0.24314431912589995,20.336166502857324,-0.5194890875194056
1619660704.793471,-110.84698486328125,32.308860778808594,72.93663370951914,3.1271412604639495,-0.7198870889218861,219.112911078114,-0.25,-44.61857621860815,0.0,0.0,0.0,73.26194415693826,73.03953809122638,72.93402792153087,72.91328679744855,10.398421168948516,-0.2704050460841003,20.253427259349213,-0.5256104938914129
1619660704.896613,-110.84696197509766,32.308860778808594,72.47623769439292,4.890369196792933,-0.8079628900029491,130.03710999705103,0.0,-50.21926160641414,0.0,0.0,0.0,72.71441821655743,72.65232713377029,72.4500590127458,72.52,10.127461658421453,-0.2633677407699828,20.127067754060906,-0.5234105521996472
1619660704.997651,-110.84693908691406,32.308860778808594,72.00443839724215,4.0,-1.1165584953777494,76.44150462225056,0.0,-55.13994547267028,0.0,0.0,0.0,72.10356568109317,72.08413940865591,72.00286863781363,71.87293029567205,10.34711600250239,-0.2691043262422639,19.9942493314536,-0.5199565859870078
1619660705.101696,-110.84691619873047,32.308860778808594,71.45915583637061,5.2737774088676765,-1.4479571276217562,205.63159142078447,-0.06844435221691914,-54.54755481773535,0.0,0.0,-0.1,71.55999999999999,71.45,71.46015355086374,71.32702495201536,8.972157213342598,-0.23530433331600165,19.84209769884779,-0.5162440580080713
1619660705.192534,-110.84689331054688,32.308860778808594,71.00418962102528,5.000000000000001,-1.52144371271309,181.8818361866806,-0.25,-55.0,0.0,0.0,-0.1,71.24496119152506,71.03000000000002,70.89,71.06664079435004,9.241049605857825,-0.24610332780786948,19.715138192562712,-0.5201144429684316
1619660705.286635,-110.84687042236328,32.308860778808594,70.64502285611985,4.013561061427943,-1.2342360324764499,214.76396752355026,-0.25,-55.49321946928603,0.0,0.0,-0.10000000000000002,70.87785164336721,70.51520643855692,70.43958712288618,70.5595871228862,10.927380105646535,-0.29590681342535774,19.616830818704788,-0.5255810606924648
1619660705.398684,-110.84685516357422,32.30886459350586,70.1061575754681,3.1312381019118694,-1.2626407026492357,186.0266472810478,-0.25,-57.13123810191187,0.0,0.0,-0.1,70.20652499639822,69.91512222062143,69.8114027757768,69.88256111031072,9.002532726362006,-0.24776320070925806,19.460333777663948,-0.5309097597211003
1619660705.491698,-110.84683227539062,32.30886459350586,69.60415645994377,3.4565657528047065,-1.4868953414401411,217.10465855985908,-0.057070719100588335,-58.45656575280471,0.0,0.0,-0.1,69.73352009456266,69.3761437352246,69.34022411347519,69.53659196217495,10.752911416217103,-0.2974691703219534,19.326659303013898,-0.5344648442475128
1619660705.603721,-110.84680938720703,32.30886459350586,68.96442039527373,5.747983002503057,-1.5526285558318675,150.37144416813246,0.0,-59.252016997496945,0.0,0.0,-0.1,69.05870198801031,68.75298011989668,68.65519204795866,68.89350994005164,8.467986427052438,-0.23454911489342578,19.147281249691538,-0.5296912900581617
1619660705.692719,-110.84678649902344,32.30886459350586,68.35994186663522,5.178728121904043,-1.5593357478103402,143.6642521896596,-0.25,-61.821271878095956,0.0,0.0,-0.10000000000000002,68.54474139745957,68.25405179068517,68.16211209618939,68.20474139745961,10.190346020729521,-0.28594013084033065,18.981625853990163,-0.5273168663665468
1619660705.800751,-110.84676361083984,32.30886459350586,67.75598539351657,4.248517520215634,-1.6156223520023214,87.37764799767847,-0.25,-60.75148247978437,0.0,0.0,-0.1,68.00569548657833,67.82304513421671,67.67721805368669,67.60582708053003,9.563449215410856,-0.27274003517329604,18.814204274047732,-0.5315419521901059
1619660705.902888,-110.84674835205078,32.30886459350586,67.29316167563114,4.326214163772296,-1.5704063579570762,132.59364204292402,-0.25,-61.663107081886146,0.0,0.0,-0.10000000000000002,67.28573573717182,67.29360360575772,67.06066065707043,66.92852852565636,8.452754096025274,-0.24461694240968157,18.682789431377095,-0.5361616211017338
1619660705.993913,-110.84672546386719,32.30886459350586,66.70053665342922,7.75882746373302,-1.564600054795173,138.39994520482674,-0.25,-61.879413731866514,0.0,0.0,-0.1,66.71175509823136,66.64352652946941,66.55705305893882,66.66764898035373,9.66445486210705,-0.2838294158998771,18.519345781269436,-0.538832878876206
1619660706.098918,-110.8467025756836,32.30886459350586,66.14706116765892,8.134046809607383,-1.5620000000000003,141.0,-0.25,-61.00000000000001,0.0,0.0,-0.1,66.15437666215648,65.99,65.97901856949562,66.1,9.132679176768306,-0.27230110815827757,18.367479294504086,-0.5428370589422319
1619660706.198934,-110.84668731689453,32.30886459350586,65.680044672443,5.0,-1.562,141.0,-0.25,-61.87603831564795,0.0,0.0,0.0,65.80856817808638,65.49759846121368,65.31810607304543,65.59618939269545,9.063367899949753,-0.27419241911304226,18.23875047277661,-0.5469991216159611
1619660706.298952,-110.84666442871094,32.30886459350586,65.09957825795728,3.0,-1.3838464153732446,64.15358462675538,-0.25,-63.86007892543752,0.0,0.0,0.1,65.27452063759172,64.97148272799515,64.76148272799513,64.86844481839854,9.010320458685328,-0.2757428384860532,18.072725689873103,-0.5499144509134907
1619660706.399213,-110.84664916992188,32.30886459350586,64.53958794654054,3.0000000000000004,-1.5366552041169659,166.67927547133766,0.0,-64.16449513345674,0.0,0.0,0.1,64.7160747946172,64.57990650672849,64.35383171211129,64.28794390403709,8.9096159261926,-0.2729387896678226,17.91812677496108,-0.5489071385635584
1619660706.499235,-110.84662628173828,32.30886459350586,63.95187534204202,6.000000000000001,-1.5566773773903992,146.32262260960061,0.0,-64.0,0.0,0.0,0.06203836311130937,63.94201917835372,63.95400639278458,63.785961643292524,63.795929679369635,8.032885867503865,-0.24608074479574427,17.761846123530784,-0.5441196148911978
1619660706.590214,-110.84660339355469,32.30886459350586,63.4717439111748,8.708847785108388,-1.5612197634444793,141.78023655552082,0.0,-64.70884778510839,0.0,0.0,0.0,63.427826066550914,63.26217393344911,63.21364129159432,63.268369549913174,8.07751627498692,-0.24831143454244753,17.621118758399447,-0.5398066925006846
1619660706.682542,-110.84658813476562,32.30886459350586,62.846688618127786,4.999999999999999,-1.6393459830778252,63.654016922174755,-0.25,-63.66063960071169,0.0,0.0,0.0,62.93881500323967,62.63529624919009,62.58383312135537,62.7914631278347,9.449191031776081,-0.2944663921709534,17.449145450794816,-0.5388570521167283
1619660706.791631,-110.84656524658203,32.30886459350586,62.176090672874565,3.0,-1.6441917892519438,58.80821074805618,-0.25,-64.0,0.0,0.0,0.0,62.31358005581745,62.03610004925069,61.97236004596731,61.99870001641689,9.351034365836767,-0.2954724582191943,17.262012110388103,-0.5413035780415139
1619660706.900693,-110.84654998779297,32.30886459350586,61.51976030252852,4.764323856256315,-1.5730637608669762,129.9362391330237,0.0,-63.00000000000001,0.0,0.0,0.0,61.7,61.575055636187706,61.35670375745847,61.3,7.561259201730991,-0.2395584232308643,17.080988506047262,-0.54116304319926
1619660706.989703,-110.84652709960938,32.30886459350586,60.996131247294244,5.317376398203835,-1.7505447440876247,208.2644848688877,0.0,-64.31737639820383,0.0,0.0,0.0,60.926756151069796,60.89150527234555,60.79424736382721,60.873010544691084,9.328825411324488,-0.2968904123103435,16.935461551754287,-0.5365534944825752
1619660707.100706,-110.84651184082031,32.30886459350586,60.32654003437445,7.0,-1.6504752732951586,52.52472670484123,-0.25,-64.0,0.0,0.0,0.0,60.33168525979925,60.15831474020077,60.12770757155834,60.169033467638634,7.571987263995197,-0.24421471672048867,16.747335769534057,-0.5360752208980996
1619660707.191708,-110.84648895263672,32.30886459350586,59.81850800057662,6.0,-1.7505670370458493,208.4329629541507,-0.25,-65.0,0.0,0.0,0.0,59.847196642855465,59.63399580356932,59.510794964283185,59.56339958035694,8.909468362873668,-0.29121171235853893,16.6066435032654,-0.5381721757612674
1619660707.29987,-110.84647369384766,32.30886459350586,59.09440156397075,6.0,-1.7327654285231577,152.84456833924648,-0.25,-65.5816438387778,0.0,0.0,0.0,59.30222694432639,59.098368040798974,58.89842328941776,58.866141096472575,7.590702026868712,-0.2514559832901959,16.405375890667248,-0.5394006282187952
1619660707.392913,-110.8464584350586,32.30886459350586,58.56841601590572,6.0,-1.6146874717752477,88.31252822475221,-0.25,-65.0,0.0,0.0,0.0,58.52683846191478,58.47051538574434,58.41227948730492,58.39647179687882,8.71226938826021,-0.292409016859672,16.26152546111811,-0.5412795984847175
1619660707.500885,-110.846435546875,32.30886459350586,57.916925502703876,6.0,-1.7162283159606007,182.94573013292532,-0.18465594119064835,-65.0,0.0,0.0,-0.05445475019979173,57.94689745002756,57.71310254997245,57.74804268323231,57.78,8.014840558719698,-0.2707283918603416,16.080086901191027,-0.5426683898886452
1619660707.601294,-110.84642028808594,32.30886459350586,57.39118574358019,4.524021363337836,-1.7824124602915778,176.58753970842244,0.0,-64.73798931833107,0.0,0.0,-0.09999999999999999,57.36507343254452,57.18238985118321,57.0685113442303,57.15373164186387,7.204266502812516,-0.24340982045983495,15.932184011981823,-0.5381606321918418
1619660707.692383,-110.84640502929688,32.30886459350586,56.7728402395617,4.456616156741626,-1.601309776519487,101.69022348051323,-0.21194865360486437,-64.15220538558053,0.0,0.0,-0.1,56.83081718346253,56.80177879291251,56.62822120708749,56.50288482834994,8.320805037097216,-0.2835923184423983,15.762819496518938,-0.5330486522770114
1619660707.798682,-110.84638214111328,32.30886459350586,56.1794801850973,7.841728125072703,-1.7441567641140965,214.84323588590365,-0.25,-64.8417281250727,0.0,0.0,-0.6299597110308419,56.13538196480939,55.950763929618766,55.96296627565984,56.028348240469214,7.896244937217489,-0.2728466307748647,15.596784984240333,-0.5345421897416462
1619660707.900736,-110.84636688232422,32.30886459350586,55.56031326566328,3.748667137327458,-1.5911722099743788,111.82779002562114,-0.5,-64.24955571244247,-4.0,-1.5000000000000002,0.7000000000000002,55.60318836938398,55.361062789794666,55.26337475160458,55.40437541399237,7.1158290323105575,-0.25103453029285916,15.426008576381212,-0.5365642489394895
1619660707.993696,-110.84635162353516,32.30886459350586,54.963099002210676,4.0,-1.7429832109739496,216.01678902605033,-0.5,-64.79203396538696,-3.0,-1.5,0.7000000000000001,55.17000000000001,54.90895458051637,54.769400154271985,54.78537274830981,7.048485691599126,-0.2543851129301373,15.25885597808479,-0.5431619029446146
1619660708.086688,-110.8463363647461,32.30886459350586,54.44495864555351,1.7577261230880405,-1.6668172274848014,43.77445921108441,-0.5,-64.43943153077201,-1.8604146190944209,-1.5,0.7000000000000001,54.334264785293364,54.28000000000001,54.16286760735332,54.429890122790134,8.775666563079994,-0.3228261225228337,15.11002160044815,-0.5501284383940034
1619660708.203868,-110.84632110595703,32.30886459350586,53.72841483282675,2.8153532356758757,-1.603760595509665,99.23940449033498,-0.25,-63.81535323567587,-1.0,-1.5,0.7000000000000001,53.64045751178616,53.531461250841865,53.47438375252562,53.58607375926056,7.4061009726679,-0.2759871020070612,14.914052602324196,-0.5518610506320454
1619660708.304002,-110.84629821777344,32.30886459350586,53.105041659403874,3.1763259105650867,-1.651997620163704,51.002379836296114,-0.25,-64.41183704471746,-1.0,-1.5,0.7,53.19138230020201,52.94552920080803,52.915529200808045,52.949999999999996,7.323771760414729,-0.2761222230639042,14.738028776018027,-0.551796078709424
1619660708.404037,-110.84628295898438,32.30886459350586,52.55214920762336,2.0,-1.7372972801494004,197.58722196949748,-0.25,-64.41390695840725,0.0,-1.5000000000000002,0.7000000000000002,52.51898439566253,52.42304681301244,52.29304681301244,52.28117164771224,7.23872584437413,-0.2766938552523932,14.588924358464382,-0.5525889921385931
1619660708.504051,-110.84626770019531,32.30886459350586,51.98409758436031,5.869037712411206,-1.6027283291383405,100.27167086165935,-0.25,-65.4345188562056,0.0,-1.5,0.7000000000000001,51.976090627773644,51.71854582963513,51.72347734305659,51.735795571760974,7.438399773204765,-0.28831595815981714,14.424421711706412,-0.5552061781521966
1619660708.608049,-110.84625244140625,32.30886459350586,51.34802062340039,2.0,-1.6453452329227192,57.65476707728078,-0.25,-66.0,0.0,0.0,-0.7000000000000001,51.381242821312206,51.19913316612362,51.08329504699843,51.19,6.297029626770836,-0.24671922976458305,14.25164538832772,-0.5550162236815601
1619660708.697067,-110.84623718261719,32.30886459350586,50.78629610456839,3.235600764411331,-1.5775451850446451,125.4548149553545,-0.25,-64.07853358813712,0.0,0.0,-0.6000000000000002,50.749070863491006,50.69750955827542,50.69594825305985,50.55594825305986,7.417483972370064,-0.29379735797471085,14.09473367006643,-0.5543888837523443
1619660708.80308,-110.84622192382812,32.30886459350586,50.244372612163396,2.3618080640437373,-1.5651448178568437,137.85518214315601,-0.25,-63.68090403202187,0.0,0.0,-0.2265459747203527,50.33376875176904,50.062157986602514,49.984863194641015,50.08458958392302,7.828192784415933,-0.31380558345782106,13.945255474169226,-0.5549699612028071
1619660708.916221,-110.84620666503906,32.30886459350586,49.67000000000001,3.010710628947459,-1.4431368724170752,132.0102774799089,-0.25,-56.957157484210164,0.0,0.0,0.0,49.854558939232646,49.66922270560467,49.57455893923265,49.50844541120934,12.494454521505759,-0.5049959151719179,13.786091476974276,-0.5554615943653161
1619660709.098302,-110.84617614746094,32.30886459350586,49.44,3.4187093898806027,-0.6469981515933505,134.0908839944788,0.0,-18.999999999999996,7.248800885499939,1.5000000000000002,-0.37502398229000133,49.59052016593685,49.37947983406316,49.26684005531229,49.33631988937543,6.967776054099431,-0.28165913679823973,13.722833717798414,-0.5547195581158685
1619660709.200276,-110.84616088867188,32.30886459350586,49.220000000000006,8.603693198675574,-0.4236869304222591,71.73122587047818,0.0,-19.0,4.577312541137157,1.4999999999999998,-0.1,49.48490827342454,49.405458632877306,49.380550359452755,49.21417446082085,6.2178851143467,-0.2512973799469691,13.661110556286681,-0.5522243662359696
1619660709.291369,-110.84614562988281,32.30886459350586,49.202963343485116,6.747672187909414,-0.39746800759281753,30.53199240718253,0.18691804697735354,-18.747672187909412,2.0,1.5,-0.2,49.33131831824845,49.23772772749482,49.37622722725052,49.3788638637474,6.267959487900043,-0.2517025773719723,13.656837977449301,-0.5515809539309163
1619660709.383423,-110.84613037109375,32.30886459350586,49.05583752417796,5.7094462695805355,-0.10352157456472369,69.4784254352763,0.25,-19.0,1.0,1.5,-0.2,49.49371543326716,49.3983006324731,49.278577166335815,49.172569133465686,7.1735776923819685,-0.28500397591414384,13.61857294262741,-0.5447256710985502
1619660709.48869,-110.84611511230469,32.30886459350586,49.160000000000004,5.7362007340417875,-0.18336909227306827,207.1072768192048,0.09202509175522344,-11.368100367020892,1.0,1.5,-0.30000000000000004,49.437073301355184,49.31292669864481,49.24320821496764,49.34386508638756,7.091236592855694,-0.27996365050643846,13.644856629472372,-0.5398797955812826
1619660709.592677,-110.84609985351562,32.30886459350586,49.181287803159314,4.44985683277144,0.1297167572677854,175.7167572677854,0.25,-24.532951554057174,1.0,1.5,-0.30000000000000004,48.865163096161304,48.78806489918573,49.28225790034898,49.19387020162854,6.619822308125549,-0.2587551794816889,13.651293016594012,-0.5371170314654822
1619660709.690688,-110.84608459472656,32.30886459350586,48.599999999999994,6.280557226824641,-0.2989355779525234,129.06442204747665,0.25,-46.84167168047392,0.0,1.5000000000000002,-0.30000000000000004,48.71085120207928,48.73085120207928,48.90781212289985,48.80203657291378,6.787400622634777,-0.26235432997797403,13.488918805388291,-0.5249519369278389
1619660709.791733,-110.8460693359375,32.30886459350586,48.284383377856926,6.458734666747236,-0.7783075630051739,159.69243699482604,0.25,-43.45873466674723,0.0,1.4999999999999998,-0.5,48.35379048534358,48.351371456030755,48.47481907736665,48.62034286400768,6.887419999620761,-0.2633826125637171,13.401072500436383,-0.515616319018041
1619660709.894752,-110.84605407714844,32.308860778808594,48.31515302517571,3.164900956523773,-0.6696423414680331,159.4728383080455,0.0,-23.577153347833203,0.0,1.5,-0.5,48.65283411096227,48.443400933154706,48.2722672887698,48.268299533422635,6.854779559345843,-0.2615211249961007,13.415282741310298,-0.5118149973872839
1619660709.997033,-110.84603881835938,32.308860778808594,48.26,7.0,-0.4263057549151761,116.99947781947125,0.0,-19.165517967680405,0.0,1.5000000000000002,-0.30000000000000004,48.37898424883562,48.36172584080324,48.308274159196756,48.107919114377324,6.022956169781537,-0.22963243767999586,13.395862926262748,-0.5110749443425969
1619660710.087125,-110.84602355957031,32.308860778808594,48.2053147319303,6.211654729792578,-0.3979308735956781,30.069126404321935,0.25,-23.10582736489629,0.0,1.5,-0.30000000000000004,48.40265687138333,48.18265687138333,48.24183578215417,48.36816421784584,7.011017299415471,-0.2649200332677566,13.378480955597217,-0.5091986195397254
1619660710.192293,-110.84600830078125,32.308860778808594,47.98,4.591141635713785,-0.229494101762365,199.19243888573055,0.25,-25.0,0.0,1.5000000000000002,-0.5,48.27286080775748,48.24286080775749,48.2000256543024,48.11569596121257,6.847896304455389,-0.25564518924829827,13.319658869358118,-0.5008212479150703
1619660710.29532,-110.84599304199219,32.308860778808594,47.84003640861671,7.0,-0.36879334331674796,59.20665668325202,0.25,-26.000000000000004,0.0,1.5000000000000002,-0.6000000000000001,48.02119799255302,48.125447628298524,48.02904160595759,47.96095839404241,6.644228711809319,-0.24508764483623224,13.278808272834278,-0.4933077608476938
1619660710.395575,-110.84597778320312,32.308860778808594,47.7859883254985,6.064154715139118,-0.3015382923843146,126.46170761568544,0.25,-25.96792264243044,0.0,1.5,-0.6000000000000002,47.989999999999995,47.849999999999994,47.82110018068662,47.870733453791075,6.762176269170595,-0.2465252544916936,13.266767171261007,-0.48704847680068314
1619660710.497746,-110.84596252441406,32.308860778808594,47.66362976537822,9.200991986038716,-0.37117819219698617,56.821807803013805,0.0,-27.0,0.0,1.5,-0.7000000000000002,47.86496553308823,47.87251723345588,47.81000000000001,47.64745978860295,6.279199892923771,-0.2280409195941857,13.230389499856193,-0.4805118896743403
1619660710.592819,-110.845947265625,32.308860778808594,47.59,10.704802811401796,-0.2112482325694783,217.7517674305217,0.0,-25.8524014057009,0.0,1.5,-0.7000000000000001,47.75717753136456,47.61470684669506,47.71764657665248,47.740234522643966,6.326696382988757,-0.22976574143454087,13.21257045266161,-0.47983903622823687
1619660710.688837,-110.84593200683594,32.308860778808594,47.480000000000004,4.358493038102838,-0.2776537305537522,150.49614080646325,0.0,-26.358493038102836,0.0,0.0,0.7000000000000001,47.78588284082562,47.70990236735468,47.629902367354674,47.58196094694188,6.776983631820713,-0.24611875931434213,13.179860567724234,-0.4786511385659711
1619660710.791855,-110.84591674804688,32.308860778808594,47.36,3.850976008255224,-0.32772000668441215,100.2799933155878,0.0,-25.425488004127615,0.0,0.0,0.6000000000000001,47.55620169565118,47.4520923695697,47.51034872826162,47.599302543476774,6.56567903394307,-0.2384448400190209,13.147633486647537,-0.47748075212704416
1619660710.891895,-110.84590911865234,32.308860778808594,47.31000000000001,2.600279740173534,-0.2474661207375834,181.22319773906597,0.0,-24.399720259826466,0.0,0.0,0.4000000000000001,47.540000000000006,47.3231439979086,47.366685600209145,47.37320079853602,6.812149873811904,-0.24739588676954583,13.132913609966561,-0.4769461724404971
1619660710.995913,-110.84589385986328,32.308860778808594,47.14,7.0,-0.37162708880933404,56.37291119066592,0.0,-26.000000000000004,-1.0,0.0,0.09470922606034106,47.35569376979936,47.312846884899685,47.32925237592397,47.21857655755015,6.799348157321219,-0.246930968636228,13.08592837757647,-0.4752398163785292
1619660711.099941,-110.84587860107422,32.308860778808594,47.09714079925092,8.356988447502385,-0.2097523734741952,219.24762652580486,0.0,-25.21433718416587,-1.0,0.0,-0.04284959535073605,47.260000000000005,47.11,47.247247430074104,47.236376284962944,6.51432622876473,-0.23657986743172188,13.073146958620578,-0.47477563538789697
1619660711.199941,-110.84586334228516,32.308860778808594,46.910000000000004,3.422980326496442,-0.22427021658026067,131.02388681622173,0.0,-25.999999999999996,-1.0,0.0,-0.09999999999999999,47.22484797101114,47.14545608696662,47.005152028988874,47.0006081159555,6.181198260472684,-0.22448170596288008,13.01954138342483,-0.4728288492694161
1619660711.294941,-110.8458480834961,32.308860778808594,46.88563701937196,2.1707960488088323,-0.3646127663712726,63.38723362872738,0.0,-25.113864032539222,-1.0,0.0,-0.1,46.980438121795025,46.949853959401665,46.98024340099724,47.050048680199446,6.62336504871746,-0.2405398148870006,13.01534591690837,-0.4726764831032967
1619660711.396996,-110.84583282470703,32.308860778808594,46.76623815887508,2.124341720304271,-0.32679982081599457,101.20017918400549,0.0,-26.968914569923932,-1.0,0.0,-0.19999999999999998,47.00808758150564,46.77382483698874,46.81043790752816,46.84852548903379,6.015969377995589,-0.21848111179780005,12.982215093776913,-0.47147327567583597
1619660711.489965,-110.84581756591797,32.308860778808594,46.62037072356657,4.102036309537645,-0.3785777565860055,49.422243413994515,0.0,-26.0,0.0,0.0,-0.2,46.767856605322564,46.74821509201615,46.82464276755376,46.82535723244624,6.917071290709828,-0.25120660444465415,12.939915914599885,-0.4699371005192927
1619660711.597017,-110.8458023071289,32.308860778808594,46.546408886423116,7.877989793911062,-0.20224298337430935,113.04917114967989,0.0,-25.12201020608894,0.0,0.0,-0.3129651034109633,46.739999999999995,46.59588179859989,46.57823640280022,46.622354604200325,5.8667195019506835,-0.21345935692379925,12.921338939579025,-0.4692663273386176
1619660711.688111,-110.84578704833984,32.308860778808594,46.41000000000001,7.48947936816871,-0.3511513358072715,76.84866419272853,-0.25,-25.37236984204218,0.0,0.0,-0.6000000000000001,46.676455834501105,46.61625299859867,46.60832933520176,46.40916466760088,6.819411536732332,-0.250800850695569,12.882709041795799,-0.4702517029533655
1619660711.79417,-110.84577941894531,32.30886459350586,46.29,4.164834390415785,-0.35693668446907967,71.06331553092029,-0.25,-26.0,0.0,0.0,-0.7000000000000001,46.41999774459831,46.35374915422436,46.39750056385043,46.4012497180748,6.422210957139669,-0.2390864454981667,12.850755831588373,-0.47503499726339177
1619660711.894341,-110.84576416015625,32.30886459350586,46.24,3.0000000000000004,-0.23199067820793304,196.57614382193475,-0.25,-25.084679815006815,0.0,0.0,-0.7000000000000001,46.45068375437041,46.27683754370414,46.248205052444966,46.40410252622249,6.605390646455362,-0.24883631386402527,12.83553329663273,-0.4800903250150996
1619660711.997509,-110.84574890136719,32.30886459350586,46.13,3.090060306619196,-0.24151774815387775,187.4822518461222,-0.25,-25.999999999999996,-1.0,0.0,-0.7000000000000002,46.298045089561455,46.26804508956146,46.286090179122915,46.25413526868438,5.817215824415598,-0.22161970882847726,12.805840989371614,-0.48475238172520496
1619660712.088565,-110.84573364257812,32.30886459350586,46.06053218914434,5.230080060998857,-0.3595662059376789,68.4337940623211,-0.25,-27.000000000000004,-1.0,0.0,-0.7000000000000001,46.330353501335495,46.029646498664505,46.030176750667756,46.0796464986645,7.074665716203526,-0.27263716680999295,12.783850116652475,-0.4890061250069106
1619660712.199603,-110.84571838378906,32.30886459350586,45.9,4.2776011465471795,-0.1651964951233051,88.97925847049629,-0.25,-26.855520229309434,-1.0,0.0,-0.7000000000000001,46.248827064753776,46.09,46.067932338115554,46.01441353237689,6.173014181465533,-0.24070858194395583,12.740495473347831,-0.4935298779848771
1619660712.29666,-110.845703125,32.30886459350586,45.84,3.9386073144144036,-0.15691258273355274,16.08741726644725,-0.25,-26.938607314414405,-1.0,-0.05401129943502825,-0.6495894538606404,46.01131368095249,45.9171045603175,45.92565684047626,45.90723859920625,6.788647817827496,-0.26772839521008507,12.72446047018736,-0.49830563077615314
1619660712.403649,-110.84569549560547,32.30886459350586,45.73000000000001,2.3703888271297324,-0.1977343582025371,231.15021859098403,-0.25,-26.370388827129734,-1.0,-1.1849557522123892,0.40595870206489687,45.90943120530305,45.81697616954548,45.84,45.83434127681817,5.63788733398178,-0.2247750203399832,12.692791063344611,-0.5029999319230898
1619660712.492646,-110.8456802368164,32.30886459350586,45.65978923933209,6.0,-0.33522798319223573,92.77201680776429,-0.25,-26.0,0.0,-1.5,0.7000000000000002,45.79400553760959,45.76466543608675,45.66333640978311,45.78,6.823255974319181,-0.27495018349272726,12.672308118617767,-0.5071166269315083
1619660712.600663,-110.84566497802734,32.30886459350586,45.56,4.671445745017399,-0.1506549884319373,22.345011568062706,-0.25,-25.55236950332173,0.0,-1.5000000000000002,0.5565315368740661,45.78899490637779,45.589999999999996,45.653492359566684,45.65899490637779,5.931263710411713,-0.24164208015744038,12.645079351021893,-0.511996761809533
1619660712.694685,-110.84564971923828,32.30886459350586,45.421819003233786,5.8944697646008555,-0.34883612866441777,79.16387133558227,-0.25,-24.947234882300425,0.0,-1.4999999999999998,0.5,45.56,45.57435975469175,45.59141006132706,45.49211509199059,6.7320956541943815,-0.27720493638775423,12.60628298706841,-0.515605792980572
1619660712.801695,-110.84563446044922,32.30886459350586,45.34000000000001,7.201512805543569,-0.3047338060853074,123.26619391469262,-0.25,-25.266162398152144,0.0,-1.5000000000000002,0.5,45.50229138081576,45.314166895347384,45.44874965697892,45.44062517151055,5.898368321033104,-0.245486605619476,12.584306332757082,-0.5205931223784203
1619660712.895763,-110.84561920166016,32.30886459350586,45.17,3.0264894329157506,-0.1702212601393669,137.3554950200051,-0.25,-26.0,0.0,-1.5,0.5,45.519999999999996,45.4297134032103,45.327850524077164,45.309570104815435,6.706221395114426,-0.2820337062601368,12.535896480052603,-0.5237446318868164
1619660713.002843,-110.84561157226562,32.30886459350586,45.11000000000001,3.3025027071090505,-0.33884470732454797,89.15529267545203,-0.25,-25.999999999999996,0.0,-1.5,0.5,45.24026119309183,45.15243470172705,45.20513059654592,45.227042912089296,6.38142164089777,-0.2713087425404126,12.519540888037149,-0.5289211332322779
1619660713.10499,-110.84559631347656,32.30886459350586,45.06,2.237036859051372,-0.38180947109031815,46.19052890968179,-0.25,-25.41234561968379,0.0,-1.5000000000000002,0.5,45.21012198787634,45.05121987876358,45.03975602424728,45.05036596362907,5.734381093790034,-0.24623356413451347,12.504848112988034,-0.5338837395701671
1619660713.197008,-110.8455810546875,32.30886459350586,44.89,5.0294212237799725,-0.22537966825586017,203.17055274135876,-0.25,-26.029421223779973,0.0,-1.4999999999999998,0.5161833818967948,45.07817201504008,45.03,44.99731193983966,45.09817201504008,6.53394933026857,-0.2833659864193194,12.458280710475364,-0.5369069474957402
1619660713.302019,-110.84556579589844,32.30886459350586,44.841198462277745,6.534991999422514,-0.15902684982828597,63.84639400561972,-0.25,-25.534991999422513,0.0,-1.5000000000000002,0.5,45.1327142481284,44.869628548877024,44.83728575187161,44.900742902245916,5.7903211035932145,-0.2536438090279347,12.443563621699917,-0.5419849782734529
1619660713.39528,-110.84555053710938,32.30886459350586,44.71999999999999,6.0,-0.3017383392723755,126.26166072762449,-0.25,-24.949278443043056,0.0,-1.4999999999999998,0.5952051992910059,44.909009162877645,44.84900916287764,44.90966972095921,44.852972511367035,6.010508652351291,-0.2657790947041505,12.411285643073322,-0.5456393155903613
1619660713.492293,-110.84554290771484,32.30886459350586,44.660000000000004,4.807180565176886,-0.257554497520104,171.1280637549959,-0.25,-23.192819434823114,0.0,-1.5,0.6000000000000001,44.85,44.66726280868164,44.75136859565919,44.870000000000005,6.684150429618967,-0.29855593635888766,12.394200762206461,-0.55014489698188
1619660713.600436,-110.84552764892578,32.308860778808594,44.550000000000004,3.7792904736178645,-0.32716269284712485,100.83730715287517,-0.25,-24.441419052764275,0.0,-1.4999999999999998,0.6,44.80594187856773,44.72958138730324,44.760627919045156,44.6,7.032481232227383,-0.31754433090927137,12.362661502385546,-0.5545900722157248
1619660713.714468,-110.84551239013672,32.308860778808594,44.4135145865088,3.1681491351267006,-0.3135349282976005,114.46507170239954,-0.25,-25.0,0.0,-1.5,0.6872131303974427,44.614592852538856,44.53567428203109,44.48,44.575407147461156,5.72135344497201,-0.26092215455658874,12.323651501810074,-0.5589839511569188
1619660713.807466,-110.84549713134766,32.308860778808594,44.38,3.0,-0.3466039799539086,81.39602004609138,-0.25,-25.576707993241794,0.0,-1.5,0.7000000000000001,44.599999999999994,44.460955847228234,44.397619480903536,44.45095584722823,11.244716157323182,-0.5196157591248891,12.314860052547033,-0.5635930441284596
1619660713.990754,-110.84547424316406,32.308860778808594,44.19644398216939,2.7225243307582794,-0.23272453454695902,196.04824162184528,-0.25,-24.277475669241717,0.0,0.0,-0.7000000000000001,44.34451257603157,44.176100608252504,44.26353772809468,44.243537728094694,6.299972241451087,-0.29506532843690536,12.263160280428325,-0.5710550113111763
1619660714.093891,-110.845458984375,32.308860778808594,43.99000000000001,4.797221521799167,-0.369026701839407,58.97329816059301,-0.25,-24.202778478200834,0.0,0.0,-0.5,44.24481358036043,44.14037283927915,44.16308477381391,44.14864403273263,6.344365885357547,-0.30001628043245887,12.206159835054166,-0.5739059647637476
1619660714.197938,-110.84544372558594,32.308860778808594,43.99,6.864551832948854,-0.2047569766885262,122.37178689387775,-0.25,-24.0,0.0,0.0,-0.39999999999999997,44.18913682234218,43.99370523351327,43.98543158882892,44.11,5.475834171139468,-0.26126729493039136,12.206306052456913,-0.5794668032079816
1619660714.287908,-110.84542846679688,32.308860778808594,43.8742392962293,5.405332417354638,-0.25505048010973935,173.86146597483153,-0.25,-26.000000000000004,0.0,0.0,-0.39999999999999997,44.08114018512761,44.0216448611543,43.985570092563805,43.90328972230859,6.501982688233056,-0.31303564477438073,12.172280027191247,-0.5826405657583532
1619660714.394943,-110.84542083740234,32.308860778808594,43.79226584987823,5.099331035880803,-0.1985429089272464,230.4570910727536,-0.25,-25.950334482059596,0.0,0.0,-0.4,43.95,43.82,43.78820790087332,43.888207900873304,6.307580759569646,-0.30658097143567176,12.149559820264296,-0.5872402192008608
1619660714.499095,-110.84540557861328,32.308860778808594,43.650000000000006,3.124462648070309,-0.2248990241433297,203.75467033937213,-0.25,-25.87553735192969,0.0,0.0,-0.19999999999999998,43.93766175015315,43.83922058338439,43.761254889025025,43.709999999999994,5.378517335479046,-0.26369736796320353,12.110628259086152,-0.5908754824248335
1619660714.58806,-110.84539031982422,32.308860778808594,43.58313895899804,4.768946483709064,-0.2853081009612522,142.6918990387479,-0.25,-25.615526758145467,0.0,0.0,0.02010693290087168,43.75151059802296,43.57000000000001,43.67434039868197,43.74585099670492,6.996463204782685,-0.3461399042958604,12.091274293723998,-0.5946358914605573
1619660714.704108,-110.84537506103516,32.308860778808594,43.480000000000004,3.820300903660955,-0.3201667480230401,107.83325197695987,-0.14746238704238063,-26.999999999999996,3.744043330269075,0.0,0.6872021665134539,43.642518641664424,43.535111849986556,43.51496271667114,43.53748135833558,4.816402933795871,-0.2393510685911906,12.062902767579118,-0.5992271562678027
1619660714.784124,-110.84536743164062,32.308860778808594,43.374451605972716,5.6118934904186695,-0.3535935419321795,74.40645806782042,0.0,-27.0,4.0,0.0,0.7000000000000001,43.53347964752298,43.35652035247701,43.44739185900919,43.459999999999994,6.354103008427046,-0.3157635167333339,12.033786806803123,-0.5980115088832213
1619660714.890132,-110.84535217285156,32.308860778808594,43.26,4.704162986800876,-0.23767079150934706,191.3292084906529,0.0,-26.704162986800874,2.0,0.0,0.7000000000000001,43.41,43.30530461805305,43.35020307870203,43.245101539351026,6.221377649509577,-0.30916779363002433,12.00152392912561,-0.5964088474240878
1619660714.994121,-110.8453369140625,32.308860778808594,43.09000000000001,6.89261721319177,-0.36030668011390604,67.69331988609397,0.0,-26.000000000000004,1.0,0.0,0.7000000000000001,43.20653168888572,43.261156103704764,43.17115610370477,43.143468311114276,6.087026405214601,-0.3024912856103086,11.954802800762792,-0.5940870677549035
1619660715.096143,-110.84532165527344,32.308860778808594,43.03,8.99368080904793,-0.38400596242286983,43.99403757713018,0.0,-27.996840404523965,1.0,0.0,0.7,43.20630009297447,43.06832479080745,43.08260018594894,43.01739981405107,6.063602991781863,-0.3013272725157421,11.938308105877779,-0.593267373354158
1619660715.198181,-110.8453140258789,32.308860778808594,42.75000000000001,5.774956126767833,-0.29866749944286103,129.332500557139,0.0,-30.112521936616083,0.7553491844972816,0.0,0.7000000000000002,43.003382600704555,42.88464695971818,42.95,42.883940879154544,5.506661316615009,-0.27365037543726345,11.860490201030892,-0.5894002572101454
1619660715.291163,-110.84529876708984,32.308860778808594,42.676179371651244,8.0,-0.368885632707612,59.114367292388074,0.0,-35.24457368849598,0.0,0.0,0.7000000000000002,42.75384106777194,42.64,42.57538080082895,42.663079466114034,6.237477298605427,-0.3099678564567725,11.840039292361862,-0.5883839610347428
1619660715.397172,-110.84528350830078,32.308860778808594,42.3259060527293,5.000000000000001,-0.5995371996763716,83.46280032362839,0.0,-41.0,0.0,1.3789252625077209,-0.5869969116738728,42.489999999999995,42.38068803638231,42.35441282182938,42.28882564365877,5.856623498377303,-0.2910415453170785,11.742306701130849,-0.583527195974192
1619660715.497348,-110.84527587890625,32.308860778808594,42.01011401172083,4.081318864973916,-0.8442805434917485,93.71945650825165,0.0,-49.081318864973916,0.0,1.4999999999999998,-0.7000000000000001,42.05219550444329,41.87514422848452,41.94,41.99485577151546,5.267060436694464,-0.26174354714777337,11.65512609849992,-0.5791948059343656
1619660715.588368,-110.84526062011719,32.308860778808594,41.6221606532789,5.0,-0.9792701554341956,214.60640941007023,0.0,-53.37601404528393,0.0,1.4999999999999998,-0.7000000000000001,41.76874134031663,41.61874134031663,41.50466801571242,41.471556005237474,5.9087228877060625,-0.2936305945849327,11.547549813449043,-0.5738488641559063
1619660715.691378,-110.84524536132812,32.308860778808594,41.182232611392045,6.470167008770293,-1.1454587567922614,47.541243207738695,0.0,-57.52983299122971,0.0,1.5,-0.7000000000000001,41.163513062812676,41.07391884380211,41.05783768760423,41.09175653140633,5.884540705950258,-0.2924288749337407,11.425210909429497,-0.5677693024958276
1619660715.7954,-110.8452377319336,32.308860778808594,40.64181039145223,5.987838624244368,-1.3205169613923513,127.4830386076487,0.0,-59.98783862424436,0.0,1.4999999999999998,-0.7000000000000001,40.690642438017484,40.61019273140524,40.5703854628105,40.46032121900874,5.263627959644509,-0.2615729721697164,11.275390425343897,-0.5603240594781547
1619660715.88941,-110.84522247314453,32.308860778808594,40.1870618318165,9.3393009579816,-1.4923238501603042,211.67614983969582,0.0,-63.66069904201841,0.0,1.5,-0.6000000000000001,40.05469379593061,39.95551017347398,40.103673448982654,40.03959181122832,5.8958597734117575,-0.29299136949854443,11.149294437074364,-0.5540577916713846
1619660715.996435,-110.84520721435547,32.308860778808594,39.48205118459394,6.913795001651436,-1.4530501076712903,126.22495195313404,0.0,-66.02873499944951,0.0,1.4999999999999998,-0.6000000000000001,39.51701471672216,39.456417660066585,39.37343237678875,39.3082088300333,5.429342566291325,-0.26980806449090977,10.953478884068703,-0.5443268500870935
1619660716.096451,-110.84519958496094,32.308860778808594,38.92154476834982,6.036962534573799,-1.6674371504754713,169.0357488378678,0.0,-69.0,0.0,1.5,-0.6000000000000001,38.75638473790229,38.675661685482744,38.741323370965475,38.75638473790229,2975.247425459227,-51.73397794863713,10.79820733411493,-0.5366107194779042
